518, "Не тяни блять время!", [design, coding, marketing, seo, music, tricks, education, life, gtd, kids, friendship, health]
26316, "Строй блять большие планы!", [design, marketing, seo, music, tricks, life, business, gtd, love, kids, money, travel] 
988, "Удаляй блять лишнее!", [coding, markup, photo, text, music, life, business, frontend, gtd, dentist] 
147, "Знай блять свой рынок!", [design, coding, markup, photo, marketing, seo, music, business, gtd] 
46, "Не работай блять с мудаками!", [design, coding, markup, marketing, seo, medicine, life, business, office, gtd] 
26312, "Умей блять слушать людей!", [photo, life, for-him, for-her, love, kids, friendship, health] 
26269, "Не сиди блять! Сделай что-нибудь!", [music, education, life, for-him, for-her, business, office, gtd, love, friendship, health] 
6758, "Разберись блять в своих желаниях!", [life, for-him, for-her, newyear, business, gtd, love, friendship, health] 
8008, "Не бойся блять отказывать начальству!", [design, coding, marketing, medicine, life, business, office, gtd, love, money] 
155, "Не ограничивайся блять профессией!", [design, coding, markup, marketing, seo, life, business, office, gtd, kids, dentist] 
163, "Думай блять что говоришь!", [life, office, love, kids, friendship] 
708, "Признавай блять очевидное!", [design, coding, markup, photo, text, medicine, education, life, for-him, for-her, business, love, kids, friendship, health] 
57, "Не плоди хуйни!", [design, coding, markup, photo, text, music, medicine, life, business, frontend, love, friendship] 
6508, "Не считай себя исключительным!", [design, coding, markup, photo, text, marketing, driving, music, education, life, for-him, frontend, love, friendship] 
728, "Спроси себя: «А нахуя?»!", [design, coding, markup, text, life, for-him, for-her, business, gtd, love, kids, money, friendship, health] 
848, "Учись блять продавать!", [design, coding, markup, photo, text, education, life, business] 
818, "Требуй блять деньги сразу!", [design, life, business, money] 
1998, "Заведи блять ежедневник!", [design, coding, markup, photo, text, marketing, music, medicine, education, life, for-him, for-her, newyear, business, frontend, office, snowboard, gtd, love, money, friendship, translate, travel] 
168, "Не дрочи судьбу напрасно!", [life, snowboard, love] 
7798, "Не торопи блять события!", [marketing, education, life, for-him, for-her, love, friendship, health] 
8298, "Живи блять интересно пока не поздно!", [life, office, snowboard, gtd, friendship, travel, health] 
129, "Брось нахуй курить!", [design, coding, markup, photo, driving, medicine, education, for-him, for-her, office, snowboard, gtd, love, health] 
7978, "Уважай чужие заёбы!", [education, life, for-him, for-her, business, love, friendship] 
86, "Пройди блять нормальный курс!", [design, coding, photo, text, life, business, frontend, office, gtd] 
120, "Экспериментируй ёпта!", [design, markup, photo, text, seo, music, life, business, frontend, snowboard, love] 
2197, "Не читай блять чужих писем!", [life, for-him, for-her, love, friendship] 
12698, "Не зацикливайся блять на одном решении!", [design, coding, marketing, seo, life, business, frontend, gtd] 
131, "Планируй блять день!", [education, life, business, office, gtd] 
928, "Успокойся блять выпей кофе!", [design, education, life, for-him, office, gtd, love, friendship] 
1068, "Не отвлекайся на хуйню!", [education, life, business, office, gtd] 
688, "Хуй с ним делай в одиночку!", [design, coding, markup, photo, music, medicine, education, life, for-him, for-her, business, gtd, love, kids, friendship] 
15717, "Не спеши блять с выводами!", [life, business, love, kids, friendship, health] 
26302, "Не считай себя ёбаным телепатом!", [driving, life, for-him, business, gtd, friendship, health] 
678, "Похвали блять коллегу!", [design, coding, markup, photo, text, marketing, music, medicine, life, business, office, love, friendship, dentist] 
26128, "Дохуя планируешь — нихуя не успеешь!", [education, life, newyear, business, office, gtd, money, travel] 
1118, "Нарисуй блять схему!", [coding, life, business, frontend, gtd] 
5077, "Заводи блять полезные знакомства!", [medicine, education, business, gtd, friendship, travel] 
19, "Вдохновляйся блять!", [design, photo, text, music, tricks, life] 
6568, "Следи блять за трендами!", [design, coding, markup, marketing, frontend] 
25853, "Хули ждёшь — делай!", [life, office, gtd, money] 
71, "Попробуй блять а то не узнаешь!", [coding, photo, music, life, for-him, business, gtd, love] 
59, "Не ссы ёпта!", [design, driving, tricks, life, for-him, business, snowboard] 
3277, "Включи блять фантазию!", [design, photo, music] 
418, "Меньше слов блять!", [design, photo, text, music, tricks, life] 
9938, "Наебнулся — отряхнись!", [life, business, snowboard, gtd, friendship] 
2098, "Не лезь блять в чужие дела!", [design, coding, markup, photo, text, life, for-him, for-her, frontend, love, kids, friendship] 
50, "Работай блять быстрее!", [design, coding, markup, photo, text, education, life] 
4727, "Не засиживайся блять на работе!", [design, coding, markup, text, life, business, frontend, office, gtd, health] 
64, "Трекай блять время!", [design, coding, markup, life, business, office, gtd, money] 
161, "Используй блять списки!", [markup, text, gtd] 
6698, "Переноси блять сроки с запасом!", [design, coding, markup, text, marketing, education, life, frontend, office, gtd] 
8108, "Объясняй блять свои решения!", [design, coding, photo, marketing, music, life, business, frontend, gtd, love, friendship] 
60, "Копи опыт хули!", [design, coding, medicine, life, business, frontend, snowboard, gtd, translate] 
778, "Верь блять в чудеса!", [tricks, life, for-him, for-her, love, friendship] 
968, "Никогда блять не оправдывайся!", [design, coding, markup, photo, text, driving, music, education, life, for-him, business, gtd, love, friendship] 
26299, "Помни блять добро!", [life, for-him, for-her, business, office, love, kids, friendship, travel, health] 
578, "Отвечай блять быстрее!", [life, for-him, for-her, love, friendship] 
26372, "Корректируй блять план!", [life, business, gtd] 
2187, "Не сиди блять без дела!", [music, life, for-him, for-her, business, office, gtd, friendship, health] 
268, "Высвобождай блять время!", [life, business, office, gtd, friendship] 
1778, "Работай блять трезвым!", [design, coding, markup, photo, frontend] 
9127, "Никого блять не бойся!", [life, business, gtd, love, kids, friendship] 
25968, "Остановись блять и подумай!", [life, business, gtd] 
1988, "Расставляй блять приоритеты!", [design, coding, markup, text, education, life, business, frontend, gtd, travel] 
43, "Не проеби всё дело!", [marketing, seo, education, life, business, gtd] 
14707, "Научись блять говорить НЕТ!", [tricks, life, business, office, gtd, love, friendship, health] 
538, "Не усердствуй блять некстати!", [education, life, business, gtd, love, friendship, health] 
128, "Учись бля время идёт!", [design, coding, medicine, life, frontend, snowboard, kids] 
145, "Организуй блять своё время!", [design, coding, education, life, business, office, gtd, love, travel] 
1808, "Не проеби вспышку!", [photo, life] 
1088, "Проверь блять ещё раз!", [design, coding, markup, text, seo, education, life, frontend, office, gtd, money, translate] 
6988, "Сходи блять прогуляйся!", [design, coding, markup, photo, driving, music, education, life, business, gtd, health] 
6828, "Не жди блять знака свыше!", [life, for-him, for-her, business, gtd, love, friendship, health] 
116, "Не суетись блять!", [photo, driving, music, tricks, medicine, life, business, snowboard, kids, dentist] 
1128, "Смотри блять на более опытных!", [driving, life, business, snowboard, gtd] 
26363, "Вернись блять к плану!", [life, business, office, gtd] 
7208, "Лён факин инглиш!", [design, coding, text, frontend, office, kids, translate, travel] 
26189, "Посмотри блять со стороны!", [design, photo, music, tricks, life, business, love, kids] 
6898, "Не срывайся блять на окружающих!", [design, coding, markup, photo, driving, music, education, life, for-him, for-her, business, office, gtd, love, friendship, health] 
5928, "Сконцентрируйся на чём-то одном блять!", [design, coding, photo, text, marketing, music, education, life, business, frontend, gtd, love, health] 
768, "Слушай блять клиента!", [design, coding, markup, photo, text, marketing, seo, life, business, frontend, office, gtd] 
99, "Собирай блять единомышленников!", [design, music, life, business, office, snowboard, gtd, money, friendship] 
26323, "Не охай — всем похуй!", [design, coding, markup, photo, text, marketing, driving, music, tricks, medicine, education, life, for-him, for-her, business, frontend, office, snowboard, gtd, love, kids, money, friendship, translate, dentist, travel, health] 
4907, "Не жалей блять себя!", [business, gtd, love, friendship, health] 
90, "Не пизди чего не знаешь!", [medicine, life, business, gtd, love, money, friendship] 
12988, "Удели блять время себе!", [life, for-him, for-her, love] 
73, "Будь эффективнее блять!", [coding, medicine, education, life, business, frontend, gtd, money] 
18237, "Не сиди блять сложа жопу!", [life, gtd, health] 
11058, "Не лезь блять не в свое дело!", [education, life, for-him, for-her, business, office, gtd, love, kids, friendship] 
218, "Благодари блять людей!", [life, business, love, kids] 
9147, "Рискуй ёпта!", [music, education, life, for-him, business, gtd, friendship] 
26151, "Через год ты будешь жалеть что не начал сейчас", [music, life, for-him, newyear, business, office, snowboard, gtd, kids, money, friendship, travel, health] 
5758, "Попытайся блять ещё раз!", [tricks, education, life, business, snowboard, gtd, love, kids, friendship, pool] 
188, "Требуй блять предоплату!", [design, coding, markup, text, seo, business, money] 
948, "Делай блять перерывы!", [coding, life, frontend, office, gtd] 
5768, "Отдыхай блять по полной!", [markup, photo, music, education, life, office, snowboard, gtd, love, friendship, travel, health] 
8898, "Закончи блять начатое!", [design, markup, photo, music, education, life, business, gtd] 
7868, "Готовь блять подарок заранее!", [life, for-him, for-her, newyear, love, friendship] 
112, "Выделяй блять важное!", [design, markup, photo, text, music, tricks, business, kids] 
77, "Погугли ёпта!", [design, coding, markup, text, marketing, seo, music, medicine, education, life, business, frontend, gtd, translate] 
5157, "Поднимай блять расценки!", [design, coding, markup, photo, text, marketing, seo, music, medicine, life, business, frontend, office, money, translate, dentist] 
958, "Дай блять глазам отдохнуть!", [design, coding, markup, photo, text, education, life, frontend, office, gtd] 
15777, "Ставь блять конкретные сроки!", [life, business, gtd] 
7528, "Договаривайся блять на берегу!", [life, business, gtd, love, money, friendship] 
35, "Выбрось нахуй и начни заново!", [design, coding, markup, text, music, education, life, business, frontend, gtd] 
140, "Не экономь блять на важном!", [design, photo, marketing, seo, driving, life, business, gtd, money, health] 
109, "Начни прямо сейчас блять!", [life, business, gtd, money] 
8178, "Представляй блять результат!", [design, coding, photo, text, music, life, business] 
7578, "Ищи блять своё призвание!", [education, life, for-him, for-her, business, money, friendship, travel] 
8418, "Приберись блять на столе!", [design, coding, markup, text, education, life, frontend, office] 
1048, "Оторви уже блять жопу!", [life, gtd] 
8, "Составь блять план!", [coding, marketing, seo, education, life, business, gtd] 
14877, "Не трать деньги на хуйню!", [life, for-her, business, snowboard, gtd, love, money, travel, pool] 
68, "Не работай блять бесплатно!", [design, coding, markup, photo, text, education, life, business, frontend, office, gtd, money, friendship] 
4777, "Отстаивай блять своё мнение!", [design, markup, photo, text, life, business, love, friendship] 
37, "Иди блять отдохни немного!", [design, coding, markup, photo, music, medicine, education, life, office, gtd] 
2207, "Делай блять спонтанные вещи!", [design, photo, music, life, for-him, for-her, business, gtd, love, friendship, travel] 
8068, "Мысли блять позитивно!", [photo, music, education, life, gtd, friendship] 
26173, "Остановись блять и подумай!", [medicine, life, business, frontend, office, gtd, love, kids, friendship, health] 
298, "Говори блять комплименты!", [life, for-him, for-her, love, kids] 
26300, "Хуёвый мастер ругает инструмент", [design, coding, markup, photo, text, marketing, seo, driving, music, tricks, medicine, education, life, business, frontend, office, friendship, dentist, pool] 
698, "Дай блять выбор клиенту!", [design, coding, markup, photo, text, marketing, education, life, business, frontend, gtd, love] 
7608, "Работай блять с удовольствием!", [design, coding, markup, photo, text, education, life, business, frontend, office, gtd, money, health] 
56, "Сотрудничай ёпта!", [design, coding, photo, marketing, seo, life, business, office, gtd] 
4677, "Держи список задач на виду блять!", [design, coding, markup, text, life, business, frontend, office, gtd] 
4707, "Встань блять разомнись!", [design, coding, education, frontend, office, gtd, health] 
6948, "Всегда блять имей запасной вариант!", [design, marketing, education, life, business, travel] 
26364, "Делай блять больше подходов!", [] 
2217, "Обещал блять — перезвони!", [life, for-him, business, office, love, friendship] 
8078, "Представься ёпта!", [education, life, business, office, gtd, love] 
19257, "Не опускай блять руки!", [life, business, gtd, love, kids, friendship, health] 
2118, "Делай блять поэтапно!", [design, coding, markup, text, music, education, life, frontend] 
47, "Думай блять о последствиях!", [coding, marketing, driving, medicine, education, life, for-him, for-her, business, frontend, snowboard, gtd] 
718, "Причиняй блять пользу!", [design, coding, marketing, seo, medicine, life, business, office, gtd, love, kids, money, friendship, health] 
15727, "Раздели блять задачу!", [life, business, office, gtd, friendship] 
7288, "Умей блять проигрывать!", [life] 
10438, "Думай блять головой!", [design, coding, seo, driving, education, life, business, frontend, gtd, friendship] 
115, "Не сутулься блять!", [coding, driving, medicine, education, life, office] 
92, "Похуй сделай первым!", [design, marketing, seo, music, education, life, for-him, business, gtd, love, friendship] 
26275, "Умей блять достойно проигрывать!", [life, for-him, for-her, business, love, kids, friendship, pool] 
208, "Высыпайся блять как следует!", [design, coding, markup, text, education, life, for-her, office, gtd, health] 
5, "Читай книги ёпта!", [design, coding, photo, text, education, life, business, gtd] 
5888, "Не рви жопу напрасно!", [design, coding, education, life, business, frontend, gtd, love, friendship, health] 
8088, "Собирайся блять заранее!", [education, life, for-him, for-her, gtd, travel] 
5017, "Торгуйся ёпта!", [design, coding, markup, text, education, life, business, frontend, money] 
48, "Не тупи бля!", [coding, photo, driving, education, life, business, office, snowboard, gtd] 
5908, "Называй вещи своими блять именами!", [life] 
1028, "Не жди блять вдохновения!", [design, coding, photo, text, music, life, frontend] 
788, "Сначала блять подготовься!", [design, coding, markup, text, education, life, snowboard, travel] 
26213, "Выплачивай блять свои долги!", [life, business, love, kids, money, friendship] 
85, "Приезжай блять заранее!", [driving, music, life, for-him, for-her, business, office, gtd, love, friendship] 
6978, "Смотри блять не перестарайся!", [design, coding, markup, text, marketing, education, life, for-him, for-her, frontend, office, gtd, friendship, health] 
2227, "Протри экран ёпта!", [design, coding, markup, text, life, frontend, office] 
7248, "Откладывай блять деньги!", [] 
94, "Работай над собой ёпта!", [design, coding, markup, photo, text, music, education, life, business, gtd] 
9117, "Хватит думать блять — делай!", [design, coding, music, tricks, business, office, gtd, friendship] 
6708, "Позвони блять сам!", [life, for-him, business, love, friendship] 
2167, "Используй блять букву «Ё»!", [design, markup, text, life, frontend, office] 
58, "Уволься нахуй с работы!", [life, office, money] 
24967, "Трекай блять прогресс!", [] 
34, "Не задрачивайся на мелочах!", [design, coding, markup, photo, text, music, education, life, frontend, gtd] 
5318, "Перестань блять делать ненужное!", [design, coding, markup, music, education, life, business, frontend, gtd, money] 
598, "Пиши бля короче!", [coding, text, marketing, music, medicine, life, frontend, gtd, friendship] 
2108, "Улыбайся блять снимая трубку!", [life, office, love, kids, friendship] 
8288, "Посиди блять в тишине", [life, business, office, gtd, health] 
13, "Делай блять всё по-порядку!", [education, life, business, gtd] 
668, "Понравься блять клиенту!", [design, coding, markup, photo, text, life, business, office] 
1108, "Не тяни блять с ответом!", [life, for-her, business, gtd, love, friendship] 
26310, "Нихуя не сделаешь — нихуя и не получишь!", [life, business, office, gtd, money] 
6718, "Подготовься блять к переговорам!", [design, coding, markup, text, marketing, life, business] 
2, "Продумай блять структуру!", [coding, markup, text, music, frontend] 
9928, "Помни блять о своих планах!", [life, business, gtd] 
5037, "Избегай блять негативных людей!", [life, for-him, for-her, business, love, friendship] 
15737, "Предупреждай блять заранее!", [for-him, for-her, business, office, gtd, love, friendship] 
143, "Выполняй блять обещанное!", [tricks, life, business, gtd, friendship] 
80, "Верь в себя блять!", [marketing, music, tricks, education, life, business, office, snowboard, love] 
40, "Делай блять вовремя!", [design, coding, markup, education, life, business, gtd] 
7, "Делай блять больше набросков!", [design, markup, text, music] 
1, "Сохраняйся блять почаще!", [design, coding, markup, text, life, frontend] 
70, "Учись на ошибках хули!", [driving, medicine, education, life, business, gtd, money] 
658, "Пользуйся блять тем что есть!", [design, coding, markup, photo, text, marketing, life, business, gtd, translate, dentist] 
6658, "Читай блять и выписывай!", [design, coding, education, life] 
33, "Не еби мозги окружающим!", [photo, marketing, driving, life, business, office] 
488, "Не пизди блять а делай!", [design, coding, music, education, life, business, office, gtd, love] 
5107, "Поменьше пизди о своих планах!", [education, life, newyear, business, gtd, love, friendship, travel] 
588, "Научись блять печатать нормально!", [design, coding, markup, text, medicine, education, life, frontend, office, gtd] 
9538, "Сделай сам блять!", [] 
2038, "Почисть обувь ёпта!", [life, for-him, love, friendship] 
100, "Развивай блять мышление!", [design, coding, education, life, business, office, gtd, kids] 
918, "Вставай блять раньше!", [life, business, office, gtd, travel] 
6818, "Займись блять делом!", [design, coding, markup, text, education, life, newyear, business, office, gtd, friendship] 
2397, "Выходи блять пораньше!", [education] 
108, "Будь вежлив ёпта!", [driving, life, business, office, snowboard, kids, friendship] 
151, "Упрощай блять! Упрощай!", [design, coding, markup, text, music, business, gtd, translate] 
122, "Ищи блять наставника!", [life, business] 
278, "Вычеркивай лишнее блять!", [design, coding, markup, text, music, medicine, education, gtd, love, money] 
26366, "Впечатляй блять!", [design, coding, markup, music, life, love] 
105, "Найди блять себе хобби!", [life] 
26040, "Проснись ёпта!", [life, office, gtd] 
7728, "Займись блять собой!", [life, for-him, for-her, love, health] 
2237, "Не навязывай блять помощь!", [life, for-him, love, kids, friendship] 
97, "Будь блять настойчивее!", [life, for-him, business, snowboard, gtd, money, friendship] 
81, "Защищай блять свои границы!", [life, for-him, for-her, business, gtd, love] 
167, "Повышай блять планку!", [design, coding, markup, business, snowboard, gtd] 
26280, "Укрепляй туловище ёпта!", [tricks, life, for-him, for-her, newyear, business, office, snowboard, kids, health] 
26076, "Делай что решил ёпта!", [life, for-him, business, gtd, friendship] 
26284, "Умей блять благодарить!", [life, business, love, kids, friendship, health] 
101, "Читай больше ёпта!", [coding, text, education, life, business, gtd] 
618, "Ложись блять вовремя!", [education, life, gtd, health] 
45, "Выбирай себе клиентов ёпта!", [design, life, business, office, gtd] 
7948, "Не показывай хуйню — выберут её!", [design, coding, photo, text, marketing, business] 
6858, "Не поддакивай блять!", [life, for-him, for-her, love, kids, friendship] 
9227, "Не зацикливайся блять!", [design, coding, text, music, life, business, frontend, gtd, love, friendship] 
6128, "Похуй повторяйся!", [design, text, marketing] 
10498, "Считай блять деньги!", [] 
26370, "Маску блять постирай!", [] 
22837, "Не страдай хуйнёй подолгу!", [education, life, for-him, for-her, gtd, love, kids, money, friendship] 
4717, "Пользуйся блять шорткатами!", [design, coding, markup, text, education, frontend, office, gtd] 
153, "Цени блять свой труд!", [design, coding, markup, text, life, business] 
39, "Мечтай ёпта!", [photo, life, for-her, business] 
104, "Записывай блять свои мысли!", [design, coding, text, music, life, business, gtd] 
6628, "Не бойся блять просить помощь!", [driving, education, life] 
4447, "Не качайся блять на стуле!", [design, coding, markup, text, education, frontend, office] 
132, "Сходи блять в бассейн!", [life, for-him, love, health] 
19557, "Двигайся дальше ёпта!", [life, business, love, friendship] 
14818, "Не пытайся блять исправить людей!", [life, business, gtd, love, friendship, health] 
10678, "Не обещай блять невозможного!", [design, coding, marketing, medicine, business, gtd, love, friendship, dentist, health] 
2078, "Сделай блять уборку!", [life] 
6848, "Умей блять вовремя заткнуться!", [design, coding, markup, music, education, life, for-him, for-her, frontend, love, friendship, health] 
24, "Не ссы бля сделай как хочется!", [design, photo, music, life] 
8548, "Хочешь быть первым— вставай блять раньше!", [design, photo, seo, education, life, business, gtd, friendship, health] 
93, "Требуй блять больше денег!", [design, coding, markup, text, seo, life, business, frontend, office, money] 
26373, "Сомневаешься — откажись нахуй!", [life, business, office, friendship] 
6498, "Анализируй блять неудачи!", [marketing, life, business] 
138, "Доверяй блять интуиции!", [design, music, life, for-him, for-her, business, snowboard, gtd, love, friendship, travel] 
448, "Начни блять немедленно!", [design, coding, markup, text, education, life, business, gtd] 
12708, "Изучай блять новые технологии!", [design, coding, life, frontend] 
938, "Научись блять готовить!", [coding, markup, education, life, for-him, for-her, office, love] 
2058, "Предохраняйся блять!", [life, for-him, for-her, gtd, kids] 
228, "Будь блять искренним!", [photo, text, music, life, for-him, love, kids] 
102, "Займись блять физухой!", [design, education, life, office] 
154, "Не ленись блять!", [education, life] 
127, "Постоянно блять развивайся!", [design, coding, music, medicine, life, business, frontend, office, snowboard] 
8058, "Соблюдай блять режим!", [education, life, health] 
62, "Изучи бля правила!", [coding, driving, music, life, business, gtd, translate] 
7768, "Спину блять выпрями!", [life, frontend, office, health] 
98, "Живи блять сейчас!", [life, for-him, for-her, love, friendship] 
7788, "Не ной блять —  всем похуй!", [education, life, for-him, for-her, business, office, gtd, love, money, friendship, health] 
25852, "Обосрался сам — не вини других!", [life, office, gtd, friendship] 
8888, "Отдыхай блять на природе!", [life, business, friendship, travel, health] 
26307, "Слушаешь комплименты — не перебивай блять!", [life, for-him, for-her, business, gtd, love, kids] 
26113, "Живи блять сейчас!", [life, gtd, love, friendship] 
2068, "Контролируй блять расходы!", [life, business, gtd, money] 
7958, "Начни с себя ёпта!", [] 
44, "Люби блять свою работу!", [design, coding, markup, marketing, music, tricks, medicine, life, business, frontend, office, gtd] 
55, "Учись блять отказывать людям!", [driving, medicine, life, business, office, gtd, love, kids, money] 
166, "Не думай блять слишком долго!", [education, life, business, snowboard, gtd] 
898, "Будь блять внимательнее!", [coding, markup, driving, education, life, frontend, gtd, money, translate] 
2257, "Радуй блять окружающих!", [life, office, love, friendship] 
26132, "Начни с себя ёпта!", [life, gtd] 
136, "Проверяй блять информацию!", [design, marketing, life] 
6388, "Ищи блять новые идеи!", [design, photo, marketing, music, tricks, business, money] 
908, "Не жди блять чудес!", [life, for-him, for-her, business, gtd, love] 
8308, "Похуй повторяйся!", [marketing, seo, life, business, gtd, love, kids] 
9137, "Не забудь блять посолить!", [life] 
7928, "Не жри всякую хуйню!", [life] 
26317, "Сомневаешься — скажи блять правду!", [life, for-him, for-her, office, kids, friendship] 
26047, "Есть блять время размышлять а есть бля время действовать!", [life, business, office, gtd, money] 
150, "Учись блять задавать вопросы!", [life, business, gtd, love, kids] 
288, "Выясни блять интерес клиента!", [design, text, business, money] 
25986, "Работай блять и не жди восторгов!", [life, business, office, gtd] 
14797, "Не усложняй жизнь ёпта!", [life, business, office, gtd, love, travel, health] 
26123, "Сохраняй блять спокойствие!", [life, gtd, love, money, friendship] 
318, "Делай блять аккуратнее!", [design, markup, photo, text, music] 
478, "Не ищи блять отмазку!", [life, business, office, gtd, love] 
32, "Проработай блять детали!", [design, coding, markup, text, music, education, business, gtd] 
7778, "Хорош блять откладывать!", [education, life, gtd, health] 
144, "Выражайся блять яснее!", [medicine, life, for-him, for-her, business, kids, translate] 
248, "Вперёд блять! Вперёд!", [life, snowboard, gtd, travel] 
26060, "Трать блять время на тех кого знаешь!", [life, for-him, for-her, business, love, friendship] 
2697, "Начинай блять заранее!", [education, business, gtd, friendship] 
1288, "Больше бля ходи пешком!", [life, gtd, health] 
1238, "Не пропускай блять обед!", [design, coding, markup, medicine, education, life, frontend, gtd, health] 
26374, "Ищи блять новые перспективы!", [life, office, gtd] 
1058, "Перечитай блять написанное!", [markup, text, education, life] 
6, "Заставляй блять себя!", [life] 
6058, "Следи блять за конкурентами!", [marketing, life, business] 
1948, "Не перебивай блять клиента!", [life, business, office, gtd] 
348, "Заканчивай блять выводами!", [design, markup, text, life, business, kids] 
107, "Делись блять знаниями!", [life, business, office, gtd] 
7638, "Экономь блять время!", [design, education, life, business, gtd, money, health] 
7968, "Прояви блять инициативу!", [design, coding, marketing, education, life, office, gtd, friendship] 
408, "Ищи блять решения попроще!", [coding, markup, music, education, life, business, gtd] 
5858, "Не матерись пожалуйста!", [education, life] 
165, "Сделай блять заначку!", [life, for-him, newyear, money] 
82, "Умей блять уступить!", [life, for-him, for-her, business, love] 
7538, "Взял блять? Верни на место!", [education, life, office, friendship] 
4817, "Радуйся блять мелочам!", [life, love, kids, friendship] 
5218, "Не уверен — не обещай блять!", [design, coding, photo, education, life, frontend] 
69, "Прикинь блять дважды!", [coding, marketing, life, for-him, business, gtd, love, money] 
25881, "Управляй блять своей жизнью!", [life, business, gtd, money, friendship] 
428, "Называй бля клиента по имени!", [design, coding, text, music, life] 
458, "Не бросай блять на середине!", [life, business, gtd] 
26360, "Инвестируй в себя блять!", [] 
106, "Работай блять честно!", [life, business, office] 
72, "Обучай блять своих клиентов!", [design, text, marketing, life, business, money] 
328, "Расставь блять заголовки!", [design, markup, text, frontend] 
6968, "Ищи блять идеи попроще!", [] 
8997, "Не хватайся блять за всё сразу!", [design, coding, education, life, business, frontend, office, gtd, money] 
10918, "Сначала блять проверь сам!", [] 
26368, "Заканчивай блять начинать начинай блять заканчивать!", [] 
19807, "Доводи блять до результата!", [] 
238, "Будь проще ёпта!", [life] 
2607, "Не понял — переспроси блять!", [education] 
26367, "Выходи блять на пробежку!", [life, gtd, health] 
25943, "Не теряй блять детали!", [life, business] 
22777, "Опережай ёпта!", [medicine, education, life, business, snowboard, gtd, friendship] 
4747, "Говори блять своими словами!", [coding, markup, photo, text, music, education, life, frontend] 
19647, "Разреши блять себе отдохнуть!", [life, business, office, gtd, love, friendship, health] 
13478, "Возьми блять и уеби!", [education, business, gtd] 
25885, "Уважаешь человека — скажи ему ёпта!", [life, business, office, gtd, money, friendship] 
26131, "Просто начни ёпта!", [life, business, snowboard, gtd] 
25887, "Посылай в пизду и забывай нахуй!", [life, business, office, gtd, money, friendship] 
25865, "Давай въёбывай!", [life, office, gtd] 
14837, "Не делай блять чужую работу!", [life, business, office, gtd, friendship] 
25850, "Исправляй ебаные ошибки!", [life, gtd] 
26125, "Не дёргайся из-за хуйни!", [life, for-her, gtd, love, money, friendship, health] 
25915, "Давай вывози блять ты можешь!", [life, business, office, gtd] 
26365, "Сиди блять дома!", [life] 
358, "Иди блять и сделай!", [life, business, gtd] 
26121, "Начинай с малого хули!", [life, business, snowboard, gtd, love, money, friendship] 
26122, "Не спорь блять с тем кто прав!", [life, for-him, for-her, love, kids, friendship, health] 
26054, "Тренируйся блять — тогда и получится!", [life, gtd, health] 
5938, "Признавай блять свои ошибки!", [] 
26066, "Не знаешь — не пизди!", [life, for-him, for-her, business, office, gtd, love, friendship] 
8977, "Решайся блять быстрее!", [life, business, gtd, love] 
26073, "Доводи блять до конца!", [life, for-him, business, gtd] 
20697, "Улыбайся ёпта!", [life, for-him, for-her, business, love, friendship, health] 
8878, "Шли всех на хуй!", [life, gtd] 
25916, "Отвлекись — или совсем ёбнешься!", [life, business, office, gtd] 
25857, "Сядь блять и доделай!", [design, coding, markup, life, office, gtd] 
25851, "Деньги — хуёвая цель!", [life, gtd, love, money, friendship] 
25886, "Исходи блять из своего опыта!", [life, business, office, gtd] 
338, "Делегируй блять второстепенное!", [life, business, gtd] 
25999, "Научись блять доделывать начатое!", [life, business, office, gtd, money] 
25862, "Выясни блять всю хуйню!", [life, office, gtd] 
16617, "Не подписывай на дело полных долбоёбов!", [marketing, life, business, money, friendship] 
498, "Изучай блять чужие работы!", [design, coding, markup, photo, text, music, tricks] 
21687, "Равняйся на лучших ёпта!", [design, photo, marketing, music, tricks, life] 
25991, "Сначала скажи «Нет блять!»", [life, business, office, love, kids, money, friendship] 
25894, "Не унижай блять соперника!", [life] 
26214, "Делай больше пизди меньше!", [education, life, business, frontend, office, gtd, love, money, friendship] 
25996, "Соображай блять быстрее!", [life, business, office, gtd, money] 
14798, "Сосредоточься блять!", [coding, life, frontend, office, gtd] 
13318, "Откладывай блять часть денег!", [life, business, money] 
137, "Выбирай блять правильные инструменты!", [design, coding, markup, marketing, seo, music, medicine, business, gtd] 
22197, "Чувствуй блять ритм!", [design, markup, photo, music] 
25858, "Прислушайся блять к себе", [life, gtd] 
26058, "Ной меньше блять а дыши глубже!", [life, business, gtd, love, friendship, health] 
9257, "Проветри блять помещение!", [life] 
26008, "Будет ли это ебать тебя через год?", [life, business, office, gtd, money] 
26142, "Действуй блять а не реагируй!", [life, business, gtd] 
13388, "Начни с себя ёпта!", [life, gtd, love, kids, health] 
26146, "Умей блять за себя постоять!", [life, for-him, office, love, kids, friendship, health] 
26181, "Запиши блять — и не забудешь!", [text, driving, education, life, for-him, for-her, business, office, gtd, kids, money, friendship, translate, health] 
25939, "Очнись блять и начинай хуячить!", [life, business, gtd] 
26108, "Будь щедрым ёпта!", [life, for-him, business, love, money, friendship] 
6868, "Сходи блять на массаж!", [life, health] 
26012, "Хочешь быть писателем — пиши ёпта!", [text, life, gtd] 
26165, "Говори блять медленно а думай блять быстро!", [life, for-him, for-her, business, love, money] 
26305, "Не говори о себе хуёво!", [design, coding, markup, photo, text, music, tricks, education, life, for-him, for-her, frontend, office, love, kids, friendship, health] 
25984, "Продолжай блять развиваться!", [life, business, office, gtd] 
26242, "Не будь ебаным циником!", [life, for-him, business, office, love, friendship, health] 
25931, "Помни блять свои успехи!", [life, business, gtd, love, friendship] 
26261, "Не можешь помочь — съебись и не мешай!", [driving, medicine, education, life, for-him, for-her, business, office, snowboard, gtd, love, kids, friendship, health] 
26124, "Учись блять на практике!", [driving, education, life, gtd] 
25983, "Цени блять хорошие моменты!", [life, business, gtd] 
6958, "Переспрашивай блять!", [] 
26083, "Не сдавайся блять раньше времени!", [life, for-him, business, gtd] 
25946, "Пользуйся блять возможностями!", [life, business, gtd, love, friendship] 
23037, "Держи себя в руках блять!", [love, friendship, health] 
22367, "Не спи блять до обеда!", [education, life, gtd, money, friendship, travel, health] 
22647, "Убери блять будильник подальше!", [life] 
26062, "Выделяй блять время для себя!", [life, for-him, for-her, business, gtd, love, money, friendship, health] 
19497, "Обнови блять портфолио!", [design, photo, text, seo, frontend] 
21877, "Нет работы — иди блять учись!", [design, coding, markup, marketing, seo, music, education, life, gtd, friendship] 
26033, "Планируй блять свой день!", [life, business, office, gtd] 
25906, "Умей блять вовремя съебаться!", [life, business, office, gtd, friendship] 
26369, "Задавай блять правильные вопросы!", [] 
13228, "Не делай блять в последний день!", [design, coding, life, frontend, office, gtd] 
26021, "Если тебя это не радует нахуя ты это делаешь?", [life, for-him, for-her, business, office, gtd, love, money, friendship] 
25912, "Нахуй лишнее!", [life, business, gtd, money] 
13238, "Не бойся блять начать заново!", [business, gtd, love] 
23958, "Сосредоточься блять на настоящем!", [life, gtd, money, travel] 
25904, "Во второй раз ебашь лучше чем в первый!", [life, business, gtd] 
25855, "Планируй блять свою работу!", [life, office, gtd] 
26172, "Пиздеца не исправить но избежать можно", [medicine, life, for-him, for-her, business, love, kids, money, health] 
18957, "Подводи блять итоги!", [education, newyear, business, gtd, travel] 
26019, "Поставил цель — запиши блять!", [life, business, office, gtd] 
95, "Работай на себя ёпта!", [design, life, business, frontend, office, money] 
25977, "Ищи блять новые пути!", [life, business, gtd] 
16897, "Не зацикливайся блять на деньгах!", [life, business, money] 
17897, "Ставь блять четкие цели!", [design, marketing, life, newyear, business, gtd, money, friendship] 
11888, "Не мешай блять другим работать!", [life] 
26052, "Относись нормально к любому ебанату", [life, for-him, for-her, business, office, love, money, friendship, health] 
26120, "Не забывай блять говорить «спасибо!»", [life, business, love, money, friendship] 
25905, "Умей блять себя похвалить!", [life, business, office, gtd, friendship] 
26117, "Не бросай блять того что тебе важно!", [life, business, gtd] 
25997, "Страх пиздеца хуже самого пиздеца", [life, business, gtd, money] 
26044, "Приспосабливайся хули", [life, business, office, love, money, friendship] 
25949, "Работай блять с тем что есть!", [life, business, gtd] 
25930, "Не расстраивайся из-за всякой хуйни!", [life, love, friendship] 
25899, "Нихуя не знаешь — нихуя не говори!", [life, business, office, gtd, friendship, health] 
25920, "Не еби себе голову!", [life, for-him, for-her, business, friendship] 
26089, "Умей блять выждать!", [life, for-him, business, gtd, love, friendship] 
17057, "Растягивай блять удовольствие!", [life, gtd, love, friendship, travel, health] 
26371, "Возьми блять и сделай!", [life] 
1148, "Делай что любишь блять!", [life, gtd] 
13358, "Не покупай хуйню!", [driving, music, life, snowboard, money, pool] 
26134, "Никогда не работай на отъебись!", [music, tricks, life, business, office, gtd, kids, money] 
26077, "Трать блять меньше чем имеешь!", [life, for-her, business, gtd] 
25923, "Не вороши блять прошлое!", [life, love, friendship] 
26079, "Ищи блять хорошую компанию!", [life, love, friendship] 
24168, "Опаздываешь —предупреди блять!", [life, for-him, for-her, love, kids, friendship, health] 
25924, "Начни блять с подготовки!", [design, coding, music, tricks, life, business, office, gtd] 
25870, "Сделай блять по-своему!", [life, business, office, gtd] 
25895, "Выслушай блять нормально!", [life, office] 
26170, "Готовь блять парашют заранее!", [coding, life, business, office, snowboard, money, travel] 
22307, "Не сиди блять без дела!", [design, photo, music, education, life, for-him, for-her, love] 
9047, "Имей терпение ёпта!", [seo, music, tricks, education, life, for-him, for-her, business, gtd, love, friendship, travel] 
26286, "Сделай блять себе подарок!", [life, for-him, for-her, business, office, love, kids, money, friendship, health] 
26150, "Выёбываешься — не унижай других!", [design, photo, music, tricks, for-him, for-her, business, office, snowboard, love, kids, money] 
26080, "Пока шкура не поделена — никакой охоты!", [life, business, gtd, friendship] 
25867, "Тренируй ёбаную память!", [life, office, gtd] 
26041, "Будешь гоняться за тенями — проебёшь настоящее!", [life, business, office, gtd, money] 
13258, "Полей блять цветы!", [education, life, office] 
13428, "Ищи блять идеи попроще!", [design, life, business, gtd] 
13847, "Не жадничай блять!", [seo, life, office, gtd, love, kids, money, friendship, health] 
26290, "Ни о чём блять не жалей!", [life, love, money, friendship, travel, health] 
26171, "Сейчас самое охуенное время чтобы начать!", [life, business, snowboard, gtd, kids, money, friendship, travel, health] 
5828, "Не торопись блять!", [design, coding, markup, text, driving, music, life, for-him, for-her, business, frontend, snowboard, gtd, love, kids, health, pool] 
19087, "Не перебивай блять!", [education, life, for-him, for-her, frontend, friendship, health] 
17887, "Не напрягайся блять по мелочам!", [life, gtd, love, kids, friendship, health] 
26342, "Лучше заниматься хуйней чем маяться делом!", [education, life, business, office, gtd, money, friendship] 
2018, "С Новым блять годом!", [newyear] 
26045, "Всё будет заебись инфа 100%", [life, business, gtd, love, money, friendship] 
25848, "Загадай блять желание!", [newyear] 
26230, "Выучи блять пару шуток!", [life, for-him, for-her, love, friendship] 
9367, "Сходи блять к зубному!", [life] 
25994, "Благодари блять за подарки!", [life, for-him, for-her, newyear, office, love, friendship] 
26024, "Эти ёбаные мечты всё равно сбываются", [life, for-him, for-her, business, gtd, love, money, friendship] 
25879, "Помни блять чему научился!", [life, business, office, gtd, money] 
26074, "Охуенность жизни зависит от точки зрения", [life, for-him, for-her, business, love, friendship] 
19507, "Не бойся блять трудностей!", [tricks, education, life, business, office, snowboard, gtd, love, kids, friendship, health] 
22147, "Готовь блять подарки!", [life, for-him, for-her, newyear, love, kids, friendship] 
25990, "Составь блять список подарков!", [life, for-him, for-her, newyear, love, friendship] 
25989, "Избавляйся от ёбаных желаний!", [life, newyear, snowboard, gtd, money, friendship, travel] 
18947, "Планируй блять заранее!", [driving, newyear, business, snowboard, gtd, money, travel, health] 
26223, "Не жалей блять времени на отдых!", [driving, tricks, life, business, office, gtd, love, kids, money, friendship, travel] 
26194, "Давай въёбывай бодрее!", [life, business, office] 
26257, "Люди меняются ёпта", [education, life, for-him, for-her, newyear, business, office, love, kids, friendship, health] 
26193, "Не еби мозг и сделай сам!", [life, for-him, business, office, gtd, friendship] 
26164, "Выслушай блять обе стороны!", [life, business, office, kids] 
26168, "Не заёбывай всех своей диетой!", [life, for-her, office] 
26264, "Начинай сначала хули", [education, life, business, love, money, travel, pool] 
26006, "Пиздец нужно встречать с улыбкой", [life, business, gtd, money] 
17877, "Избавляйся от ненужной хуйни!", [life, love, friendship, health] 
26099, "Осуждай блять поступки а не человека!", [life, business, gtd, love, friendship] 
26115, "Лучше повернуть назад чем пропасть нахуй!", [driving, life, business, snowboard, gtd, money] 
7138, "Не жалуйся блять на нехватку времени!", [design, coding, education, life, newyear, frontend, office, gtd, love, money, friendship, health] 
19687, "Учтсь блять пкчатать вслцпую!", [text, education, life, office, gtd] 
25965, "Похуй можно и передумать!", [life, business, gtd] 
25919, "Не пытайся вразумить дебила!", [life, for-him, for-her, office, friendship] 
22357, "Собирай блять портфолио!", [design, markup, photo, text, marketing, driving, music, education, business] 
21207, "Сделай блять по-своему!", [design, coding, photo, music, tricks, education, life, for-him, business, frontend, office, gtd, love, kids, friendship, translate, health] 
19747, "Будь последовательным ёпта!", [life, business, office, gtd, love, kids, friendship, health] 
17457, "Перестань блять сравнивать себя с другими!", [life, for-him, for-her, gtd, love, kids] 
19727, "Боишься блять — не делай!", [life, business, gtd] 
22987, "Ляг поспи блять!", [education, life, for-him, health] 
26129, "Найди блять минутку подумать!", [life, business, gtd] 
25960, "Будь готов ёпта!", [life, gtd, love] 
8248, "Составь блять список задач!", [design, coding, markup, marketing, education, life, business, frontend, office, gtd] 
7008, "Раздай блять долги!", [education, life, money] 
7758, "Сядь блять и выучи!", [music, tricks, education] 
49, "Не тормози бля!", [tricks, life, for-him, business, office, snowboard, gtd] 
25878, "Со своими проблемами ебись сам!", [life, business, office, gtd, money, friendship] 
25926, "Найди работу попиздаче!", [life, office, money] 
528, "Не умничай блять!", [design, coding, markup, medicine, education, life, love, kids, money, friendship] 
25975, "Смотри людям в глаза ёпта!", [life, business, gtd] 
22847, "Не работай блять с друзьями!", [life, business, gtd, friendship] 
26081, "Не показывай блять свои нервы!", [life, for-him, for-her, business, gtd, love] 
26101, "Не завидуй блять — соревнуйся!", [music, tricks, life, business, snowboard, gtd, money] 
26009, "Не пытайся блять изменить невозможное!", [life, for-him, for-her, business, office, gtd, love, friendship] 
26010, "Люди тянутся к пизданутым", [life, for-him, for-her, business, office, love, money, friendship] 
23067, "Не тяни блять с решением!", [life, business, gtd, love] 
9107, "Делай блять хорошо — хуёво само получится!", [design, coding, markup, photo, text, music, education, life, frontend] 
6608, "Собирай блять отзывы!", [design, coding, markup, photo, text, marketing, education, frontend] 
6538, "Не обсуждай блять уже решённое!", [design, coding, markup, marketing, education, business, frontend] 
23117, "Прояви блять инициативу!", [life, business, gtd, love, friendship] 
16647, "Добивайся блять своего!", [life, business, gtd, love, kids, friendship, health] 
26096, "Хвали на людях а критикуй блять наедине!", [life, for-him, for-her, business, gtd, love, kids, friendship] 
25874, "Похуй пусть смеются!", [life, business, office, gtd, friendship] 
9317, "Отложи блять телефон!", [] 
26035, "Делай добро и не пизди об этом!", [life, business, office, love, money, friendship] 
7668, "Смени блять обстановку!", [office, gtd, love, friendship, travel, health] 
308, "Не слушай блять тупых советов!", [design, coding, markup, photo, text, seo, medicine, life, business, gtd, money] 
25860, "Страхуйся ёпта", [life, snowboard, gtd, health] 
22877, "Признавай блять свои ошибки!", [design, life, for-him, for-her, business, office, gtd, love, kids, friendship, health] 
13178, "Начни уже бегать блять!", [life, health] 
2297, "Выучи блять своё расписание!", [education] 
4647, "Не спорь блять с дураками!", [design, coding, photo, text, driving, music, education, life, frontend, office] 
26037, "Не откусывай блять больше чем проглотишь!", [life, business, gtd, love, money, friendship] 
26032, "Работай пизже любого другого!", [life, business, office, gtd] 
13368, "Не пизди блять за глаза!", [life, office, love, friendship] 
26362, "Не верти блять календарь!", [] 
26064, "Начни уже нормально питаться!", [life, business, office, health] 
26148, "Уважай блять чужой выбор!", [life, for-him, for-her, business, office, gtd, love, money, friendship] 
26063, "Упражняй блять мозги!", [life, business, office, gtd, money, health] 
26059, "У тебя всё заебись! Двигайся дальше!", [life, for-him, for-her, business, office, gtd, love, friendship, health] 
7158, "Пробуй блять новое!", [life, business, snowboard, gtd, health] 
25987, "Не спеши блять унывать!", [life, business, office, gtd] 
7418, "Применяй блять новые знания!", [coding, photo, music, education, life, frontend] 
25973, "Не теряй блять время!", [life, business, office, gtd] 
26103, "Разберись блять что тебе мешает!", [music, tricks, life, business, office, snowboard, gtd, money] 
25951, "Работай ёбче!", [life, business, gtd] 
25995, "Решился — не дёргайся!", [life, office, gtd, money] 
123, "Увеличь шрифт блять!", [design, coding, markup, frontend] 
25908, "Предлагают помощь — принимай ёпта!", [life, business, office, gtd, friendship, health] 
25950, "Каждому блять — своё!", [life, business, gtd, love, friendship] 
26361, "Запишись уже блять к врачу!", [] 
53, "Отдыхай блять после каждого проекта!", [design, coding, life, business, frontend, office, gtd] 
24637, "Не усложняй блять!", [design, coding, music, frontend] 
26140, "Как тратишь время так блять и живёшь", [life, business, gtd, money] 
17077, "Займись йогой йопта!", [life, for-her, love, health] 
608, "Повторяй блять удачные приёмы!", [design, coding, markup, photo, text, music, tricks, business, gtd, kids] 
19697, "Не создавай блять видимость работы!", [office, gtd] 
25897, "Ищи блять друзей поумнее себя!", [life, business, gtd, friendship] 
25903, "Не подписывай блять не прочитав!", [life, business, office, gtd] 
25871, "Мечтай блять с размахом!", [life, business, gtd, money, friendship] 
25956, "Используй блять время ожидания!", [life, business, gtd] 
26068, "Хочешь попиздаче жить — меняйся!", [life, for-him, for-her, business, love] 
126, "Пей блять кофе поменьше!", [design, coding, photo, life, frontend, gtd] 
14787, "Учись принимать решения быстро блять!", [life, business, gtd] 
26015, "Сделай прямо сейчас блять!", [life, business, office, gtd, money] 
26093, "Унылому никакие деньги не помогут", [life, business, gtd, love, money, friendship] 
26031, "Не бойся блять лишний раз извиниться!", [life, business, office, gtd, love, friendship] 
19857, "Получил совет — применяй ёпта!", [education, life, business, gtd, love, friendship, health] 
25966, "Будь добрее ёпта!", [life, business, love] 
25961, "Отрицающий ошибку наебет себя дважды", [life, business, gtd] 
24218, "Хватит репостить всякое гавно!", [education, life, frontend, office] 
20937, "Сомневаешься — спроси блять!", [for-him, for-her, gtd, love, friendship, health] 
16637, "Мысли масштабнее ёпта!", [marketing, life, business, friendship] 
25955, "Живи умнее ёпта!", [life, business, gtd] 
7098, "Группируй блять задачи!", [design, coding, markup, life, business, frontend, gtd] 
26011, "Порадуй уже себя блять!", [life, for-him, for-her, business, love, friendship] 
26048, "Не устраивай ёбаный театр!", [life, for-him, for-her, office, love, friendship] 
26090, "Наебнулось — почини!", [life, for-him, gtd, love, friendship] 
26088, "Не жри всё подряд ёпта!", [life, for-her] 
26105, "Носи блять удобную обувь!", [life, for-her, health] 
22957, "Не пускай блять дела на самотек!", [life, business, office, gtd, money] 
18057, "Старайся блять!", [design, coding, markup, education, life, frontend, office, gtd, translate, health] 
17007, "У тебя всё получится", [] 
7018, "Разбери блять скачанное!", [design, coding, education, life, frontend, office, gtd] 
25911, "Живи проще — будет пизже!", [life, business, office, friendship] 
7828, "Решай блять сам!", [education, life, for-him, business, gtd, friendship, health] 
26136, "Делай блять а не обещай!", [life, business, gtd] 
24128, "Спи блять ночами!", [friendship, health] 
24088, "Говори блять правду!", [for-him, for-her, office, gtd, love, kids, money, friendship] 
23918, "Не топчись блять по граблям!", [life, for-him, for-her, business, gtd, love, kids] 
7078, "Перестань всё усложнять ёпта!", [design, coding, markup, text, music, life, business, frontend, office, gtd] 
25979, "Хули ты ждёшь? Делай!", [life, business, office, gtd] 
4627, "Кр. — сес. тал. бл!", [design, coding, text, music, education, life, frontend] 
42, "Научись блять принимать критику!", [design, coding, photo, music, tricks, life, for-him, for-her, business, gtd] 
9448, "Учись блять слушать собеседника!", [education, life] 
17447, "Не оглядывайся блять на чужое мнение!", [life, business, office, gtd, love, friendship, health] 
25896, "Учись блять сам!", [education, life, business, office, gtd] 
15007, "Не беги блять впереди паровоза!", [business, office, gtd, love] 
25981, "К успеху придёт упорный", [life, business, office, gtd] 
888, "Подумай блять что ответить!", [design, text, driving, music, tricks, life, kids] 
26104, "Кроме себя никого не изменишь", [life, for-her, business, gtd, love, money, friendship] 
8488, "Не жди блять халявы!", [education, life, for-him, for-her, business, love, money] 
25889, "Не задирай нос ёпта — сломают!", [life, business, gtd, money, friendship] 
9888, "Делай блять зарядку!", [life, gtd, health] 
24358, "Перестань пожалуйста материться!", [design, coding, markup, photo, text, marketing, seo, driving, music, tricks, medicine, education, life, for-him, for-her] 
25974, "Слушай блять много — говори блять мало!", [life, business, gtd] 
13168, "Изучил блять — используй!", [design, coding, markup, photo, education, life, frontend] 
26055, "Добавь блять «пожалуйста»!", [life, love, money, friendship] 
26359, "Поехали!", [] 
26118, "Не доёбывай мирного человека!", [life, love, friendship] 
38, "Ошибайся ёпта!", [education, life, business] 
26130, "Находи блять свои слова!", [text, music, tricks, life, for-him, love, kids, friendship, translate] 
26094, "Поздно встаёшь — нихуя не успеешь!", [life, for-him, for-her, business, snowboard, gtd, money, travel] 
26018, "Ищи блять выгоду!", [life, business, money] 
25980, "Нехуй сказать — помолчи!", [life, for-him, for-her, office, love, kids, friendship] 
25928, "Время : деньги", [life, business, office, gtd, money] 
4667, "Разбери блять старый хлам!", [design, coding, photo, text, music, life, frontend] 
23057, "Не мелочись блять!", [life, for-him, for-her, gtd, love] 
23047, "Относись к вещам проще ёпта!", [education, life, business, office, friendship, health] 
26107, "Сделай блять первый шаг!", [life, business, gtd] 
26358, "Breathe the pressure", [music] 
13438, "Знай меру ёпта!", [life, gtd, love, friendship, health] 
26020, "Продай это нахуй на авито!", [life, business, money] 
26075, "Знаешь что не прав — не спорь блять", [life, for-him, business, office, gtd, kids, money, friendship, health] 
25944, "Умей похвалить ёпта!", [life, business, love, friendship] 
25837, "Вставай блять на сноуборд!", [life, office, travel, health] 
26025, "Не обещай блять больше чем сделаешь!", [life, for-him, for-her, office, gtd, love, friendship] 
23348, "Цени блять свой труд!", [design, coding, markup, photo, text, marketing, seo, music, tricks, medicine, life, business, frontend, office, gtd, money, friendship, translate, dentist] 
26147, "Не выёбывайся!", [music, tricks, life, for-him, for-her, business, office, snowboard, gtd, love, kids, money, friendship, health] 
13308, "Займись блять своим телом!", [life, love, health] 
13048, "Ляг блять сегодня пораньше!", [life, gtd, health] 
22487, "Не строй блять иллюзий!", [marketing, music, life, for-him, for-her, love] 
23, "Не ссы бля увеличивай!", [design, photo] 
11, "Выключи нахуй направляющие!", [design, markup] 
3, "Используй блять ариал!", [design] 
61, "Применяй опыт ёпта!", [design, coding, photo, text, driving, life, business, snowboard, gtd] 
96, "Будь увлечённым ёпта!", [design, coding, education, life] 
88, "Найми блять дизайнера!", [coding, markup, business, frontend] 
27, "Не плоди говна блять!", [design, coding, markup, text, music, life] 
5187, "Навести блять родителей!", [education, life, love] 
198, "Не понижай блять градус!", [education, life, newyear] 
20207, "Поставь блять себе цель на год!", [life, newyear, office, gtd, travel] 
19547, "Сходи блять на каток!", [life, love, kids, health] 
22827, "Заканчивай блять начатое!", [life, newyear, business, gtd, friendship, translate, health] 
84, "Подтверждай блять авторство!", [design, coding, photo, text, music, business] 
4, "Не используй блять ариал!", [design] 
26086, "Не выёбывайся раньше времени!", [life, for-him, business, gtd] 
31, "Учись блять писать текст!", [design, coding, photo, education, business, gtd] 
10, "Расставь блять направляющие!", [design, markup] 
26005, "Не умничай ёпта!", [life, for-him, for-her, business, office, gtd, love, money, friendship] 
66, "Развивай бля речь мудило!", [coding, markup, life, for-him, business, translate] 
41, "Не ври себе ёпта!", [photo, marketing, medicine, life, for-him, for-her, business, gtd] 
14, "Сделай блять симметрично!", [design, markup] 
51, "Будь на позитиве ёпта!", [photo, music, life, newyear, business, gtd, love, friendship] 
18, "Сначала блять составь ТЗ!", [design, marketing, seo, life, business, gtd] 
26357, "Пой блять свою музыку!", [music] 
67, "Попроси уже совета блять!", [life] 
74, "Купи уже блять нормальный шрифт!", [design, frontend] 
63, "Нарушай бля правила!", [coding, music, life, business, gtd, translate] 
65, "Закрой нахуй чатики!", [education, life, office, gtd] 
1978, "Гуляй блять чаще!", [life, gtd, health] 
76, "Не делай конфет из говна блять!", [design, coding, markup, photo, text, seo, business, frontend, office, translate] 
54, "Нарисуй бля сперва на бумаге!", [design, coding, gtd] 
568, "Оставь блять хорошее впечатление!", [design, coding, markup, music, tricks, life, for-him, for-her, love, friendship] 
13408, "Люби!", [life, for-him, for-her, love, friendship, health] 
25909, "Прекращай нахуй самокопания!", [life, business, gtd, friendship, health] 
15157, "Сделай блять пока помнишь!", [life] 
13458, "Записывай блять мечты — они сбываются!", [life] 
26001, "Не умеешь — не лезь блять!", [music, life, office, gtd, friendship] 
25866, "Высыпайся ёпта!", [life, office, gtd] 
25817, "Извлекай блять пользу!", [education, life, business, love, kids] 
24467, "Выйди блять из дома!", [design, photo, tricks, life, for-him, for-her, friendship, health] 
9458, "Помогай блять друзьям!", [business, love, friendship] 
21737, "Не обещай блять лишнего!", [life, business, office, gtd, love, friendship] 
23338, "Просыпайся блять пораньше!", [life, business, gtd, love, friendship] 
24447, "С новым блять годом!", [] 
25827, "Не ищи блять оправданий!", [for-him, for-her, love, kids, friendship] 
20267, "Не пытайся блять всем угодить!", [for-her, business, love, friendship] 
17117, "Никогда блять не сдавайся!", [life, business, gtd, love, friendship, health] 
878, "Не ешь блять за компом!", [design, coding, markup, life, frontend, office, gtd] 
5868, "Закупи блять одинаковых носков побольше!", [education, life] 
19757, "Не петросянь блять!", [tricks, education, life, for-him, office, love, kids, translate] 
24378, "Пиздуй за цветами!", [for-him] 
13378, "Не завидуй блять — работай!", [life, business, gtd, friendship] 
8018, "Не унывай ёпта!", [life, business, office, love, friendship, health] 
19207, "Цени блять то что есть!", [life, love, friendship, health] 
75, "Будь собой ёпта!", [music, life, for-him, for-her, business, love, kids] 
24208, "Не сей блять панику!", [education, life] 
2158, "Обнимайтесь блять почаще!", [life, for-him, for-her, love, friendship, health] 
24438, "Не пропадай блять надолго!", [music, education, life, for-him, for-her, business, love, health] 
24328, "Не рой блять яму другому!", [music, life, for-him, business, gtd, love, kids, friendship, health] 
17767, "Слушай блять аудиокниги!", [driving, education, life] 
24318, "Не забудь блять отдохнуть летом!", [life] 
23508, "Не сравнивай блять себя с другими!", [life, for-him, for-her, office, gtd, love, friendship, health] 
22947, "Научись блять рано вставать!", [office, gtd, kids, friendship, health] 
23778, "Сходи блять на пляж!", [life] 
19077, "Не прыгай в лифте блядь!", [] 
19067, "- Начал блять - доделай!", [] 
22227, "Не трать блять время попусту!", [life, business, gtd, love, money, travel, health] 
23007, "Закипело — кидай всплыли — вытаскивай!", [education, for-him] 
22967, "Береги печень смолоду ёпта!", [music, education, life] 
22917, "Optimum medicamentum coitus est!", [medicine] 
22907, "Сядь ровно ёпта!", [education, life, office, health] 
22327, "Не пизди лишнего про ближнего!", [life, friendship] 
22377, "Ходи зимой в двух штанах ёпта!", [life, for-him, health] 
21707, "Убери блять ёлку!", [life] 
22177, "Составь блять список важных дел!", [life, office, gtd] 
22217, "Займись блять чем-нибудь новым!", [design, photo, music, education, life, for-him, for-her] 
21067, "Не еби её подругу!", [for-him] 
12818, "Распланируй блять выходные!", [love, friendship, health] 
8987, "Делай блять красиво!", [design, coding, photo, music, tricks, life, business, gtd, kids] 
19797, "Делись идеями ёпта!", [life, newyear, business, office, love, kids, money, friendship, travel] 
19777, "Удивляй ёпта!", [design, photo, marketing, music, tricks, life] 
19737, "Делаешь блять — не бойся!", [life, business, gtd, kids] 
7238, "Наведи блять порядок!", [life, business, office, gtd] 
10768, "Принимай блять витамины!", [gtd, friendship, health] 
19517, "Не меняй блять шило на мыло!", [life, for-him, for-her, office, gtd, love, money, health] 
19637, "Понаедь блять в Москву!", [life, money] 
19357, "Не отвечай блять вопросом на вопрос!", [life, kids, friendship, health] 
19437, "Уделяй блять время родным!", [life, gtd, friendship, travel, health] 
7548, "Собери блять друзей!", [life, love, friendship, travel] 
19267, "Выслушай блять и сделай по-своему!", [design, photo, music, tricks, life, for-him, business, love] 
17087, "Слушай блять успешных людей!", [life, business, gtd, friendship, health] 
19327, "Сокращай блять расходы!", [marketing, education, life, business, office, gtd, love, money, health] 
19287, "Не живи блять пятницей!", [design, coding, markup, photo, text, marketing, seo, life, frontend, office, gtd, friendship, translate, health] 
19307, "Верь блять в успех!", [tricks, education, life, business, gtd, friendship, health] 
19297, "Оттачивай блять навыки!", [life, business, snowboard, gtd, friendship, travel, pool] 
19177, "Предлагают &#151; не отказывайся ёпта!", [education, life] 
11608, "Не откладывай блять развлеченья!", [life] 
19197, "Делай блять от души!", [design, markup, photo, music, tricks, education, life] 
18927, "Следи блять за речью!", [design, marketing, life, gtd, love, kids, friendship, health] 
18247, "Не отращивай блять пузо!", [driving, life, for-him, office, love, health] 
18207, "Уступай блять в мелочах!", [design, life, business, love, kids, pool] 
18197, "Побудь блять один какое-то время!", [life, gtd, love, friendship, health] 
18067, "Ищи блять нестандартные решения!", [design, coding, education, life, business, frontend, gtd, money] 
18047, "Включи блять воображение!", [design, photo, text, marketing, music, tricks, life, business, kids, pool] 
5738, "Стреляй зомби в голову", [] 
17837, "Одевайся блять теплее!", [for-him, for-her, health] 
10348, "Не мешай блять красное с белым!", [music, medicine, education, life, health] 
7298, "Не суди бля по себе!", [marketing, music, life, for-him, for-her, business, love, friendship] 
7918, "Говори блять грамотно!", [text, marketing, education, life, office, friendship, translate] 
17907, "Не занудствуй блять!", [life, for-him, for-her, gtd, love, kids, friendship] 
17857, "Не спеши блять!", [design, coding, seo, driving, tricks, life, frontend, snowboard, travel, pool] 
17867, "Не зацикливайся блять на прошлом!", [life, for-him, for-her, gtd, love, friendship, health] 
17847, "Прогоняй блять негативные мысли!", [life, love, friendship, health] 
17437, "Не стремись блять к совершенству!", [design, coding, life, business, frontend, gtd, love] 
17327, "Возьми блять выходной!", [life, business, office, gtd, love, friendship, health] 
9488, "Действуй блять!", [gtd, friendship] 
17167, "Цени блять друзей!", [life, love, friendship, health] 
17147, "Вноси блять разнообразие!", [music, tricks, life, love, kids, friendship, health] 
17137, "Не спи блять одетым!", [education, life, office, health] 
12248, "Think fucking different!", [design, life, business] 
17047, "Выключи блять трубу перед сексом!", [life, for-him, for-her, love] 
17037, "Пригласи блять гостей!", [life, for-him, for-her, love, friendship] 
16987, "Запишись блять в качалку!", [life, for-him, office, health] 
11768, "Будь смелее блять!", [design, music, life] 
16627, "Не живи блять воспоминаниями!", [life, love] 
15687, "Пой блять даже если не умеешь!", [music, life] 
8798, "Не жалей блять о сделанном!", [life, business, love, friendship] 
15037, "Приходи на работу вовремя блять!", [life] 
16587, "Скажи блять правду!", [life, love, kids, friendship] 
12318, "Прочитай блять Алена Карра!", [education, life, business, gtd, health] 
16577, "Не бойся блять своих желаний!", [life, office, love, friendship, travel] 
15957, "Трепанируй с наслаждением ёпта!", [medicine] 
4217, "Пиши блять разборчиво!", [text, medicine, education] 
11978, "Найди блять стимул!", [life] 
15137, "Купи блять хороший чай!", [life] 
12468, "Отвечай блять за свои косяки!", [life] 
15647, "Затаривайся блять заранее!", [education, life, friendship] 
15767, "Помой блять посуду!", [life] 
7938, "Не сплетничай блять!", [life, for-him, for-her, love, kids, friendship, health] 
7878, "Не переедай ёпта!", [life, for-him, office, health] 
15747, "Составь блять бюджет!", [life, business, money, friendship] 
12448, "Живи блять своей жизнью!", [life, love, friendship, health] 
12758, "Не откладывай блять недоделанным!", [life, gtd] 
7658, "Помогай блять родителям!", [life, money] 
15237, "Начни блять с простого!", [life] 
6798, "Побрейся уже ёпта!", [coding, education, life, for-him, frontend, love, friendship, health] 
11408, "Не открывай блять бутылки над клавиатурой!", [life] 
13488, "Береги блять зрение!", [design, frontend, office, gtd, health] 
10408, "Рассчитывай блять время!", [design, coding, marketing, seo, driving, education, life, business, snowboard, gtd, travel] 
14828, "Меняй блять носки почаще!", [life, for-him, love, friendship, health] 
13498, "Подтверждай блять слова поступками!", [life, love, kids, friendship, health] 
13278, "Слушай блять аудиокниги!", [driving, life] 
13448, "Заправь блять принтер!", [education, life, office] 
6788, "Помирись блять со своим прошлым!", [life, for-him, for-her, love, friendship, health] 
14777, "Не отвечай блять больше чем спрашивают!", [life, business, love, friendship, health] 
13208, "Возьми блять отпуск!", [life, business, office, gtd, health] 
13418, "Ищи блять первопроходцев!", [life, business] 
13188, "Вымой уже кружку ёпта!", [design, coding, life, frontend, office] 
13198, "Не пизди блять лишнего!", [life, office, love] 
13298, "Не выпрашивай блять сердечки!", [life] 
13398, "Начни блять с чистого листа!", [life, business, office, gtd, love] 
13218, "Не добавляй блять шефа в скайп!", [office] 
13527, "Не экономь блять на хостинге!", [design, seo, life] 
13468, "Выйди блять из контакта!", [education, life] 
13248, "Подумай блять как сделать лучше!", [design, coding, photo, music, life, business, frontend, gtd] 
13288, "Тренируй блять память!", [business, gtd, friendship, health] 
13348, "Не трогай блять заначку!", [education, life, for-him, money] 
13338, "Не ходи блять в магазин голодным!", [education, life] 
13268, "Съезди к морю ёпта!", [design, life, for-him, love, health] 
11718, "Встал — заправь блять постель!", [education, life] 
9077, "Не жри всякую хуйню!", [life, for-her, office, health] 
7398, "Не бери блять кредитов!", [driving, education, life, snowboard, money, travel] 
7678, "Съезди блять в путешествие!", [life, for-him, newyear, gtd, friendship, health] 
7148, "Действуй блять энергичнее!", [marketing, education, life, business, snowboard, gtd, friendship, health, pool] 
7128, "Не бойся блять ошибаться!", [coding, marketing, seo, music, tricks, life, business, snowboard, gtd] 
7888, "Смени блять окружение!", [life, office, gtd, love, kids, friendship, health] 
6688, "Не еби вола!", [design, coding, markup, photo, text, marketing, driving, music, education, life, for-him, business, snowboard, gtd, friendship, pool] 
7058, "Не халтурь блять!", [design, coding, markup, text, marketing, education, life, business, office, gtd, health] 
8188, "Смотри блять ТВ поменьше!", [design, photo, text, marketing, education, life] 
8428, "Хватит блять обвинять других!", [for-him, for-her, business, office, gtd, love, kids, friendship, health] 
7708, "Откладывай блять на отпуск!", [for-him, for-her, business, snowboard, gtd, money, travel, health] 
8278, "Не верь блять словам!", [life, for-her, business] 
8318, "Стремись блять к качеству!", [design, coding, photo, music, life, business] 
8338, "Не заглядывай блять в чужие мониторы!", [design, coding, markup, text, education, life, business, office, friendship] 
7088, "Найми блять помощника!", [design, coding, markup, text, marketing, life, business, frontend, gtd] 
5678, "Гордись нашей историей!", [] 
6998, "Выключи блять компьютер!", [design, coding, music, education, life, business, frontend, gtd, health] 
6808, "Не лезь блять с советом!", [life, for-him, for-her, business, love, friendship, health] 
6738, "Добавь блять оперативки!", [design, coding, markup, photo, education, life, frontend, gtd] 
6748, "Не отвечай блять цыганам!", [life, travel, health] 
6728, "Зарабатывай блять деньги!", [education, life, business, frontend, money, travel] 
6648, "Будь приветлив ёпта!", [design, coding, markup, photo, text, marketing, driving, music, education, life, business, love] 
6678, "Сделай блять загранпаспорт!", [life, travel] 
6638, "Не бери блять лишних денег на пьянку!", [life] 
6038, "Думай блять как покупатель!", [design, text, marketing, business] 
5898, "Сделай блять себе визитки!", [design, photo, text, business] 
5878, "Используй блять поменьше цветов!", [design] 
5848, "Попинай блять колесо!", [driving] 
5818, "Вдохновляй блять окружающих!", [design, photo, music, education, life, business, snowboard, gtd, love, friendship, travel] 
5808, "Накосячил блять — сознайся!", [design, coding, markup, music, education, life, for-him, frontend, office, love, dentist, health] 
5798, "Не лежи блять после звонка будильника!", [education, life, business, gtd, health] 
4687, "Не считай блять чужие деньги!", [marketing, life, for-her, office, love, friendship] 
5228, "Делай блять дубликат слоя!", [design] 
5238, "Выслушай блять проектировщика!", [design, coding, markup, frontend] 
5198, "Переведи блять часы!", [] 
5208, "Говори блять только за себя!", [education, life, for-him, for-her, business, love, friendship] 
5188, "Разбери блять старые фотки!", [design, photo, music, education, life, for-him, for-her, love, friendship, travel] 
4697, "Не жалей блять об упущенном!", [photo, music, life, gtd, love, kids, friendship] 
5097, "Не залипай блять на смешных сайтах!", [design, coding, markup, text, education, frontend, office, gtd] 
